{
    "elements": {
        "1": {
                "angular_momentum": [0],
                "alpha": [-13.6],
                "k": [0.66836],
                "a": 0.70485,
                "b": 0.83541,
                "c": 0.29684,
                "gamma": 3.8163,
                "epsilon": 1.2612           
        },
        "6": {
            "angular_momentum": [0,1],
            "alpha": [-21.4,-11.4],
            "k": [0.88266,0.58621],
            "a": 0.64786,
            "b": 0.94928,
            "c": 0.71224,
            "gamma": 1.1130,
            "epsilon": 3.7686           
        },
        "7": {
            "angular_momentum": [0,1],
            "alpha": [-26.0,-13.4],
            "k": [0.75747,0.68272],
            "a": 0.60722,
            "b": 1.0975,
            "c": 2.0093,
            "gamma": 2.1880,
            "epsilon": 2.5854           
        },
        "8": {
            "angular_momentum": [0,1],
            "alpha": [-32.3,-14.8],
            "k": [0.84677,0.76529],
            "a": 0.64781,
            "b": 1.0510,
            "c": 3.0455,
            "gamma": 2.2954,
            "epsilon": 1.2897           
        }
    },
    "description": "Parameter for extendend Hückel theory"
}

